id,type,category,status,created_at,keywords,roles,summary
DECISION_034,decision,architecture,active,2026-02-23T01:31:15.660Z,["all","decisions","approved","final","status","report","summary","consultation","files","created","total","work","implementation","phases","phase","foundation","weeks","infrastructure","core","features"],["librarian","oracle"],"**Date**: 2026-02-20 **Strategist**: Atlas **Status**: ALL APPROVED **Total Decisions**: 16 **All Oracle**: ✅ Approved **All Designer**: ✅ Approved **Ready for Implementation**: YES"
DECISION_039,decision,architecture,active,2026-02-23T01:31:15.662Z,["complete","decision","inventory","all","active","decisions","approved","ready","for","implementation","decision039","tool","migration","mcp","server","via","toolhive","decision038","multiagent","decisionmaking"],["librarian","oracle"],"**Date**: 2026-02-20 **Strategist**: Atlas **Status**: Mixed (Some Approved, Some Pending Designer) **Total Decisions**: 19 **Approved**: 8 **Pending Designer**: 4 **Already Approved**: 7"
DECISION-TOOLHIVE-001,decision,architecture,active,2026-02-23T01:31:15.663Z,["decision","toolhive","gateway","http","tool","discovery","problem","statement","root","cause","solution","changes","made","test","results","impact","verification","files","modified","deployment"],["librarian","oracle"],"**Decision ID**: DECISION-TOOLHIVE-001 **Title**: Fix ToolHive Gateway to Dynamically Discover Tools from HTTP MCP Servers **Status**: Completed **Date**: 2026-02-20 **Classification**: Tooling / Infrastructure"
DECISION_025,decision,architecture,active,2026-02-23T01:31:15.664Z,["decision025","atypicalitybased","anomaly","detection","for","jackpot","patterns","executive","summary","research","source","specification","requirements","technical","details","action","items","files","dependencies","designer"],["librarian","oracle"],"**Decision ID**: DECISION_025 **Category**: Analytics **Status**: Implemented **Priority**: High **Date**: 2026-02-20 **Oracle Approval**: 98% **Designer Approval**: Approved"
DECISION_027,decision,architecture,active,2026-02-23T01:31:15.667Z,["decision027","agentnetstyle","decentralized","coordination","protocol","executive","summary","research","source","action","items","files","dependencies","designer","strategy","phase","eventbus","enhancement","agent","role"],["librarian","oracle"],"**Decision ID**: DECISION_027 **Category**: Architecture **Status**: Implemented (AgentRegistry + PredictorAgent + ExecutorAgent + MonitorAgent) **Priority**: Medium **Date**: 2026-02-20 **Oracle Approval**: 92% **Designer Approval**: Approved"
DECISION_028,decision,architecture,active,2026-02-23T01:31:15.667Z,["decision028","xgboost","dynamic","wager","placement","optimization","executive","summary","research","source","action","items","files","dependencies","designer","strategy","phase","feature","engineering","model"],["librarian","oracle"],"**Decision ID**: DECISION_028 **Category**: Machine Learning **Status**: Phase 1 Implemented (WagerOptimizer rule-based + feature logging; Phase 2 XGBoost deferred until training data) **Priority**: Medium **Date**: 2026-02-20 **Oracle Approval**: 90% **Designer Approval**: Approved"
DECISION_031,decision,architecture,active,2026-02-23T01:31:15.668Z,["decision031","rename","l33t","directory","names","plain","english","executive","summary","map","implementation","strategy","phase","and","project","renames","namespace","updates","config","reference"],["librarian","oracle"],"**Decision ID**: DECISION_031 **Category**: Infrastructure **Status**: REJECTED (Oracle: 65% rejected, Designer: 55% rejected — risk too high, benefit too low) **Priority**: High **Date**: 2026-02-20 **Oracle Approval**: 96% **Designer Approval**: Pending"
DECISION_035,decision,architecture,active,2026-02-23T01:31:15.670Z,["decision035","endtoend","jackpot","signal","testing","pipeline","executive","summary","background","current","state","desired","specification","requirements","technical","details","action","items","dependencies","risks"],["librarian","oracle"],"**Decision ID**: TEST-035 **Category**: TEST **Status**: Implemented **Priority**: Critical **Date**: 2026-02-20 **Oracle Approval**: 88% (Strategist Assimilated) **Designer Approval**: 90% (Completed)"
DECISION_036,decision,architecture,active,2026-02-23T01:31:15.671Z,["decision036","foureyes","development","assistant","activation","executive","summary","background","current","state","desired","specification","requirements","technical","details","action","items","dependencies","risks","and"],["librarian","oracle"],"**Decision ID**: FEAT-036 **Category**: FEAT **Status**: Implemented **Priority**: Critical **Date**: 2026-02-20 **Oracle Approval**: 85% (Strategist Assimilated) **Designer Approval**: 90% (Completed)"
DECISION_038,decision,architecture,active,2026-02-23T01:31:15.672Z,["decision038","multiagent","decisionmaking","workflow","with","forgewright","executive","summary","background","current","state","desired","specification","requirements","technical","details","action","items","dependencies","risks"],["librarian","oracle"],"**Decision ID**: FORGE-003 **Category**: FORGE **Status**: Implemented **Priority**: Critical **Date**: 2026-02-20 **Oracle Approval**: 95% (Strategist Assimilated) **Designer Approval**: 92% (Strategist Assimilated)"
DECISION_039,decision,architecture,active,2026-02-23T01:31:15.674Z,["decision039","tool","migration","mcp","server","via","toolhive","executive","summary","background","current","state","desired","specification","requirements","technical","details","action","items","dependencies"],["librarian","oracle"],"**Decision ID**: MIGRATE-004 **Category**: INFRA **Status**: Partially Implemented (Gateway Only) **Priority**: Critical **Date**: 2026-02-20 **Oracle Approval**: 94% (Strategist Assimilated) **Designer Approval**: 91% (Strategist Assimilated)"
DECISION_041,decision,architecture,active,2026-02-23T01:31:15.675Z,["decision041","orionstars","session","renewal","and","authentication","recovery","executive","summary","background","current","state","desired","specification","requirements","technical","details","action","items","implementation"],["librarian","oracle"],"**Decision ID**: AUTH-041 **Category**: AUTH **Status**: Completed (SessionRenewalService + 12 tests, live probe validated HTTP 200) **Priority**: Critical **Date**: 2026-02-20 **Oracle Approval**: 94% **Designer Approval**: 96%"
DECISION_042,decision,architecture,active,2026-02-23T01:31:15.677Z,["decision042","agent","implementation","completion","decision027028","executive","summary","background","current","state","desired","specification","requirements","technical","details","action","items","dependencies","risks","and"],["librarian","oracle"],"**Decision ID**: IMPL-042 **Category**: IMPL **Status**: Proposed **Priority**: Medium **Date**: 2026-02-20 **Oracle Approval**: Pending **Designer Approval**: Pending"
DECISION_046,decision,architecture,active,2026-02-23T01:31:15.679Z,["decision046","configurationdriven","jackpot","selectors","executive","summary","specification","requirements","technical","details","action","items","dependencies","consultation","log","oracle","strategist","assimilated","designer","notes"],["librarian","oracle"],"**Decision ID**: OPS-046 **Category**: OPS **Status**: Implemented (via DECISION_045 — GameSelectorConfig.cs + appsettings.json fallback chains) **Priority**: High **Date**: 2026-02-20 **Oracle Approval**: Pending **Designer Approval**: Pending"
DECISION_047,decision,architecture,active,2026-02-23T01:31:15.681Z,["decision047","parallel","h4nd","execution","for","multisignal","autospins","executive","summary","background","current","state","desired","specification","requirements","technical","details","action","items","dependencies"],["librarian","oracle"],"**Decision ID**: ARCH-047 **Category**: ARCH (Architecture) **Status**: Burn-In FAILED — Configuration Issue (CDP Host IP Mismatch) **Priority**: Critical **Date**: 2026-02-20 **Oracle Approval**: 78% **Designer Approval**: 92%"
DECISION_048,decision,architecture,active,2026-02-23T01:31:15.682Z,["decision048","implement","tool","call","proxying","toolhive","gateway","executive","summary","background","current","state","desired","specification","requirements","technical","details","action","items","dependencies"],["librarian","oracle"],"**Decision ID**: DECISION_048 **Category**: INFRA **Status**: Completed **Priority**: High **Date**: 2026-02-20 **Oracle Approval**: 88% (Strategist Assimilated) **Designer Approval**: 92%"
DECISION_049,decision,architecture,active,2026-02-23T01:31:15.683Z,["decision049","restore","rag","mcp","server","healthy","status","executive","summary","background","current","state","desired","specification","requirements","technical","details","action","items","dependencies"],["librarian","oracle"],"**Decision ID**: DECISION_049 **Category**: INFRA **Status**: Completed **Priority**: High **Date**: 2026-02-20 **Oracle Approval**: 85% (Strategist Assimilated) **Designer Approval**: 88%"
DECISION_050,decision,architecture,active,2026-02-23T01:31:15.683Z,["decision050","restore","decisions","mcp","server","healthy","status","executive","summary","background","current","state","desired","specification","requirements","technical","details","action","items","dependencies"],["librarian","oracle"],"**Decision ID**: DECISION_050 **Category**: INFRA **Status**: Completed **Priority**: High **Date**: 2026-02-20 **Oracle Approval**: 82% (Strategist Assimilated) **Designer Approval**: 85%"
DECISION_051,decision,architecture,active,2026-02-23T01:31:15.684Z,["decision051","configurable","toolhive","desktop","integration","executive","summary","background","current","state","desired","specification","requirements","technical","details","action","items","dependencies","risks","and"],["librarian","oracle"],"**Decision ID**: DECISION_051 **Category**: INFRA **Status**: Completed **Priority**: Critical **Date**: 2026-02-20 **Completed**: 2026-02-21 **Oracle Approval**: Approved **Designer Approval**: Approved"
DECISION_052,decision,architecture,active,2026-02-23T01:31:15.685Z,["decision052","ingest","speech","logs","into","rag","executive","summary","background","what","are","content","examples","value","for","specification","requirements","file","inventory","technical"],["librarian","oracle"],"**Decision ID**: DECISION_052 **Category**: RAG **Status**: Completed **Priority**: Critical **Date**: 2026-02-20 **Oracle Approval**: 90% (Strategist Assimilated) **Designer Approval**: 88% (Strategist Assimilated)"
DECISION_053,decision,architecture,active,2026-02-23T01:31:15.685Z,["decision053","ingest","decisions","into","rag","executive","summary","background","what","are","decision","documents","categories","inventory","value","for","specification","requirements","file","technical"],["librarian","oracle"],"**Decision ID**: DECISION_053 **Category**: RAG **Status**: Completed **Priority**: Critical **Date**: 2026-02-20 **Oracle Approval**: 92% (Strategist Assimilated) **Designer Approval**: 90% (Strategist Assimilated)"
DECISION_054,decision,architecture,active,2026-02-23T01:31:15.686Z,["decision054","ingest","codebase","patterns","into","rag","executive","summary","background","what","are","key","pattern","categories","agentsmd","content","c0mmon","architecture","value","for"],["librarian","oracle"],"**Decision ID**: DECISION_054 **Category**: RAG **Status**: Completed **Priority**: High **Date**: 2026-02-20 **Oracle Approval**: 88% (Strategist Assimilated) **Designer Approval**: 90% (Strategist Assimilated)"
DECISION_055,decision,architecture,active,2026-02-23T01:31:15.689Z,["decision055","unified","game","execution","engine","executive","summary","background","current","state","desired","specification","requirements","technical","details","action","items","dependencies","risks","and"],["librarian","oracle"],"**Decision ID**: ARCH-055 **Category**: ARCH (Architecture) **Status**: Completed **Priority**: Critical **Date**: 2026-02-20 **Oracle Approval**: 93% (Assimilated) **Designer Approval**: 95% (Assimilated)"
DECISION_056,decision,architecture,active,2026-02-23T01:31:15.691Z,["decision056","automatic","chrome","cdp","lifecycle","management","executive","summary","background","current","state","desired","specification","requirements","technical","details","action","items","dependencies","risks"],["librarian","oracle"],"**Decision ID**: AUTO-056 **Category**: AUTO (Automation) **Status**: Completed **Priority**: Critical **Date**: 2026-02-21 **Oracle Approval**: 95% (Assimilated) **Designer Approval**: 96% (Assimilated)"
DECISION_057,decision,architecture,active,2026-02-23T01:31:15.692Z,["decision057","realtime","burnin","monitoring","dashboard","executive","summary","specification","requirements","technical","details","action","items","success","criteria","token","budget","research","foundation","arxiv"],["librarian","oracle"],"**Decision ID**: MON-057 **Category**: MON (Monitoring) **Status**: Completed **Priority**: Critical **Date**: 2026-02-21 **Oracle Approval**: 94% (Assimilated) **Designer Approval**: 95% (Assimilated)"
DECISION_058,decision,architecture,active,2026-02-23T01:31:15.693Z,["decision058","burnin","alert","thresholds","and","escalation","executive","summary","specification","severity","levels","threshold","configuration","halt","behavior","posthalt","diagnostic","data","action","items"],["librarian","oracle"],"**Decision ID**: MON-058 **Category**: MON (Monitoring) **Priority**: Critical **Status**: Completed **Oracle Approval**: 93% (Assimilated) **Designer Approval**: 94% (Assimilated)"
DECISION_059,decision,architecture,active,2026-02-23T01:31:15.694Z,["decision059","postburnin","analysis","and","decision","promotion","executive","summary","specification","success","criteria","validation","completion","report","generation","automated","actions","pass","fail","action"],["librarian","oracle"],"**Decision ID**: AUTO-059 **Category**: AUTO (Automation) **Priority**: Critical **Status**: Completed **Oracle Approval**: 95% (Assimilated) **Designer Approval**: 96% (Assimilated)"
DECISION_060,decision,architecture,active,2026-02-23T01:31:15.695Z,["decision060","operational","deployment","production","readiness","executive","summary","preoperational","checklist","technical","validation","from","burnin","credentials","infrastructure","monitoring","compliance","modes","mode","continuous"],["librarian","oracle"],"**Decision ID**: OPS-060 **Category**: OPS (Operations) **Priority**: Critical **Status**: Completed **Oracle Approval**: Pending **Designer Approval**: Pending"
DECISION_061,decision,architecture,active,2026-02-23T01:31:15.696Z,["decision061","agent","prompt","updates","rag","file","watcher","executive","summary","background","problem","prompts","out","sync","manual","ingestion","required","specification","solution","onetime"],["librarian","oracle"],"**Decision ID**: DECISION_061 **Category**: INFRA **Status**: Completed **Priority**: Critical **Date**: 2026-02-20 **Oracle Approval**: 100% (Assimilated - no agents available) **Designer Approval**: 100% (Assimilated - no agents available)"
DECISION_062,decision,architecture,active,2026-02-23T01:31:15.697Z,["decision062","agent","prompt","tool","usage","documentation","update","executive","summary","background","current","state","rag","integration","predecision","research","query","for","past","similar"],["librarian","oracle"],"**Decision ID**: DECISION_062 **Category**: FORGE **Status**: Completed **Priority**: High **Date**: 2026-02-21 **Oracle Approval**: 84% **Designer Approval**: 95%"
DECISION_063,decision,architecture,active,2026-02-23T01:31:15.698Z,["decision063","rag","file","watcher","windows","service","executive","summary","background","problem","solution","specification","configuration","watched","directories","features","action","items","dependencies","risks"],["librarian","oracle"],"Set up the RAG file watcher as a persistent Windows service to ensure continuous automatic ingestion of new documents into the RAG knowledge base. This eliminates the need for manual intervention and ensures institutional memory is always preserved. **Implementation Complete**: - Created Windows Scheduled Task `P4NTH30N-RAG-Watcher` - Task runs at system startup with SYSTEM privileges - Runs continuously polling for new files every 5 seconds - No agent dependency - pure automation ---"
DECISION_064,decision,architecture,active,2026-02-23T01:31:15.699Z,["decision064","geometrybased","anomaly","detection","for","early","failure","warning","executive","summary","research","foundation","arxiv","paper","referenced","background","current","state","decision058","desired"],["librarian","oracle"],"**Decision ID**: DECISION_064 **Category**: AUTO (Automation) **Status**: Approved **Priority**: High **Date**: 2026-02-20 **Oracle Approval**: 78% **Designer Approval**: 92% **Average Approval**: 85%"
DECISION_065,decision,architecture,active,2026-02-23T01:31:15.702Z,["decision065","hierarchical","rag","indexing","with","rtree","structure","executive","summary","research","foundation","arxiv","paper","referenced","background","current","state","decision061","projected","growth"],["librarian","oracle"],"**Decision ID**: DECISION_065 **Category**: INFRA **Status**: Approved **Priority**: High **Date**: 2026-02-20 **Oracle Approval**: 72% (Models: Kimi K2.5 - risk analysis) **Designer Approval**: 95% (Models: Claude 3.5 Sonnet - architecture, Kimi K2.5 - research synthesis) **Average Approval**: 83.5%"
DECISION_066,decision,architecture,active,2026-02-23T01:31:15.703Z,["decision066","postexecution","tool","reflection","mechanism","executive","summary","research","foundation","arxiv","paper","referenced","background","current","state","decision062","failure","pattern","analysis","desired"],["librarian","oracle"],"**Decision ID**: DECISION_066 **Category**: FORGE **Status**: Approved **Priority**: Medium **Date**: 2026-02-20 **Oracle Approval**: 85% (Models: Kimi K2.5 - validation patterns) **Designer Approval**: 88% (Models: Claude 3.5 Sonnet - reflection architecture) **Average Approval**: 86.5%"
DECISION_067,decision,architecture,active,2026-02-23T01:31:15.705Z,["decision067","multiagent","adr","validation","workflow","executive","summary","research","foundation","arxiv","papers","referenced","background","current","state","decision","type","classification","desired","specification"],["librarian","oracle"],"**Decision ID**: DECISION_067 **Category**: ARCH (Architecture) **Status**: Approved **Priority**: Medium **Date**: 2026-02-20 **Oracle Approval**: 80% (Models: Kimi K2.5 - validation workflow) **Designer Approval**: 90% (Models: Claude 3.5 Sonnet - ADR framework) **Average Approval**: 85%"
DECISION_068,decision,architecture,active,2026-02-23T01:31:15.706Z,["decision068","foureyes","visionvalidated","burnin","for","decision047","executive","summary","specification","requirements","technical","details","action","items","dependencies","risks","and","mitigations","success","criteria"],["librarian","oracle"],"**Decision ID**: DECISION_068 **Category**: Operations **Status**: Completed **Priority**: Critical **Date**: 2026-02-20 **Parent**: DECISION_047 (Parallel H4ND Execution)"
DECISION_069,decision,architecture,active,2026-02-23T01:31:15.707Z,["decision069","fix","dpd","data","loss","bug","analyticsworker","executive","summary","background","current","state","broken","evidence","desired","fixed","specification","requirements","technical","details"],["librarian","oracle"],"**Decision ID**: BUG-001 **Category**: CORE **Status**: Completed"
DECISION_070,decision,architecture,active,2026-02-23T01:31:15.708Z,["decision070","fix","credential","lock","leak","h0und","polling","loop","executive","summary","background","current","state","broken","evidence","desired","fixed","specification","requirements","technical"],["librarian","oracle"],"**Decision ID**: BUG-002 **Category**: CORE **Status**: Completed **Priority**: Critical **Date**: 2026-02-21 **Oracle Approval**: 95% (Assimilated - Critical bug fix) **Designer Approval**: 95% (Assimilated - Clear fix path)"
DECISION_071,decision,architecture,active,2026-02-23T01:31:15.709Z,["decision071","fix","analytics","signal","wipe","generation","failure","executive","summary","background","current","state","broken","evidence","desired","fixed","specification","requirements","technical","details"],["librarian","oracle"],"**Decision ID**: BUG-003 **Category**: CORE **Status**: Completed **Priority**: Critical **Date**: 2026-02-21 **Oracle Approval**: 95% (Assimilated - Critical bug fix) **Designer Approval**: 95% (Assimilated - Clear fix path)"
DECISION_072,decision,architecture,active,2026-02-23T01:31:15.710Z,["decision072","fix","idempotent","signal","generator","silent","group","drops","executive","summary","background","current","state","broken","evidence","desired","fixed","specification","requirements","technical"],["librarian","oracle"],"**Decision ID**: BUG-004 **Category**: CORE **Status**: Completed **Priority**: Critical **Date**: 2026-02-21 **Oracle Approval**: 95% (Assimilated - Critical bug fix) **Designer Approval**: 95% (Assimilated - Clear fix path)"
DECISION_073,decision,architecture,active,2026-02-23T01:31:15.711Z,["decision073","fix","websocket","balance","query","error","handling","executive","summary","background","current","state","desired","specification","requirements","technical","details","action","items","dependencies"],["librarian","oracle"],"**Decision ID**: BUG-005 **Category**: CORE **Status**: Completed **Priority**: High **Date**: 2026-02-21 **Oracle Approval**: 90% (Assimilated - Important reliability fix) **Designer Approval**: 90% (Assimilated - Standard resilience pattern)"
DECISION_074,decision,architecture,active,2026-02-23T01:31:15.712Z,["decision074","fix","signal","deduplication","cache","ttl","suppression","executive","summary","background","current","state","desired","specification","requirements","technical","details","action","items","dependencies"],["librarian","oracle"],"**Decision ID**: BUG-006 **Category**: CORE **Status**: Completed **Priority**: Medium **Date**: 2026-02-21 **Oracle Approval**: 85% (Assimilated - Moderate impact) **Designer Approval**: 85% (Assimilated - Tuning required)"
DECISION_075,decision,architecture,active,2026-02-23T01:31:15.712Z,["decision075","fix","signaldistributor","reclaim","window","double","processing","executive","summary","background","current","state","desired","specification","requirements","technical","details","action","items","dependencies"],["librarian","oracle"],"**Decision ID**: BUG-007 **Category**: CORE **Status**: Completed **Priority**: Low **Date**: 2026-02-21 **Oracle Approval**: 80% (Assimilated - Edge case) **Designer Approval**: 80% (Assimilated - Tuning required)"
DECISION_076,decision,architecture,active,2026-02-23T01:31:15.713Z,["decision076","chrome","ssl","certificate","bypass","for","platform","accessibility","executive","summary","problem","solution","flags","required","configuration","change","platforms","verified","security","implications"],["librarian","oracle"],"Implemented Chrome SSL certificate bypass to enable platform accessibility for FireKirin and OrionStars game platforms. The `--ignore-certificate-errors` flag allows Chrome to bypass SSL validation errors that were blocking platform access. ---"
DECISION_077,decision,architecture,active,2026-02-23T01:31:15.714Z,["decision077","navigation","workflow","architecture","with","t00l5et","integration","executive","summary","background","current","state","the","gap","platform","differences","desired","specification","requirements","technical"],["librarian","oracle"],"**Decision ID**: ARCH-077 **Category**: ARCH (Architecture) **Status**: In Progress - FireKirin Complete, OrionStars Blocked **Priority**: Critical **Date**: 2026-02-21 **Oracle Approval**: 72% (Models: Kimi K2.5 - risk analysis) **Designer Approval**: 88% (Models: Claude 3.5 Sonnet - architecture)"
DECISION_078,decision,architecture,active,2026-02-23T01:31:15.716Z,["decision078","p4nth30n","recorder","tui","visual","macro","editor","live","debugger","executive","summary","background","current","state","desired","specification","requirements","technical","details","action"],["librarian","oracle"],"**Decision ID**: TOOL-078 **Category**: TOOL **Status**: Completed (v2.0 — Live CDP Execution) **Priority**: High **Date**: 2026-02-21 (v2.0 upgrade same day) **Oracle Approval**: 95 (Assimilated by WindFixer) **Designer Approval**: 92 (Assimilated by WindFixer)"
DECISION_079,decision,architecture,active,2026-02-23T01:31:15.716Z,["decision079","direct","rag","mcp","connection","for","opencode","and","windsurf","executive","summary","background","specification","requirements","action","items","implementation","notes","configuration","dependencies"],["librarian","oracle"],"**Decision ID**: INFRA-079 **Category**: INFRA (Infrastructure) **Status**: InProgress **Priority**: Critical **Date**: 2026-02-21 **Oracle Approval**: 82% (Models: Kimi K2.5 - risk assessment) **Designer Approval**: 90% (Models: Claude 3.5 Sonnet - config patterns)"
DECISION_080,decision,architecture,active,2026-02-23T01:31:15.717Z,["decision080","rag","vector","index","reingestion","executive","summary","background","specification","ingestion","method","ragingestfile","example","verify","with","ragstatus","documents","reingest","action","items"],["librarian","oracle"],"**Decision ID**: INFRA-080 **Category**: INFRA (Infrastructure) **Status**: Completed **Priority**: Critical **Date**: 2026-02-21 **Oracle Approval**: 85% (Models: Kimi K2.5 - operational assessment) **Designer Approval**: 90% (Models: Claude 3.5 Sonnet - batch processing, Kimi K2.5 - research)"
DECISION_081,decision,architecture,active,2026-02-23T01:31:15.718Z,["decision081","canvas","typing","fix","chrome","profile","isolation","for","parallel","credentials","executive","summary","background","current","state","findings","from","burnin","key","architectural"],["librarian","oracle"],"**Decision ID**: ARCH-081 **Category**: ARCH (Architecture) **Status**: Approved **Priority**: Critical **Date**: 2026-02-21 **Oracle Approval**: 88% (Models: Kimi K2.5 - reasoning) **Designer Approval**: 95% (Models: Claude 3.5 Sonnet - implementation, Kimi K2.5 - research synthesis)"
DECISION_082,decision,architecture,active,2026-02-23T01:31:15.718Z,["decision082","model","attribution","standard","for","decision","consultations","executive","summary","background","current","state","desired","why","this","matters","specification","requirements","examples","oracle"],["librarian","oracle"],"**Decision ID**: FORGE-082 **Category**: FORGE (Process) **Status**: Proposed **Priority**: Medium **Date**: 2026-02-21 **Oracle Approval**: N/A (Process decision - uses all available models) **Designer Approval**: N/A (Process decision - uses all available models)"
DECISION_083,decision,architecture,active,2026-02-23T01:31:15.720Z,["decision083","h0und","data","reset","for","burnin","period","executive","summary","background","current","state","desired","specification","requirements","technical","details","action","items","dependencies"],["librarian","oracle"],"**Decision ID**: DECISION_083 **Category**: CORE **Status**: Completed **Priority**: Critical **Date**: 2026-02-21 **Oracle Approval**: 74% (Models: Claude 3.5 Sonnet - risk assessment, Kimi K2 - complexity analysis) **Designer Approval**: 92% (Models: Claude 3.5 Sonnet - architecture review, Kimi K2 - implementation strategy)"
DECISION_084,decision,architecture,active,2026-02-23T01:31:15.720Z,["decision084","filter","jackpots","with","insufficient","dpd","data","from","display","executive","summary","background","current","state","desired","specification","requirements","technical","details","action"],["librarian","oracle"],"**Decision ID**: DECISION_084 **Category**: CORE **Status**: Completed **Priority**: High **Date**: 2026-02-21 **Oracle Approval**: 82% (Strategist assimilated - display filter is low-risk, appropriate threshold) **Designer Approval**: 85% (Claude 3.5 Sonnet - implementation review, formatting guidance)"
DECISION_085,decision,architecture,active,2026-02-23T01:31:15.722Z,["decision085","enhanced","cli","display","system","for","h0und","executive","summary","background","current","state","desired","specification","requirements","technical","details","action","items","dependencies"],["librarian","oracle"],"**Decision ID**: DECISION_085 **Category**: FEAT **Status**: Completed **Priority**: High **Date**: 2026-02-21 **Oracle Approval**: 90% (Assimilated - Strong research foundation) **Designer Approval**: 92% (Aegis - Event-driven architecture with progressive disclosure)"
DECISION_086,decision,architecture,active,2026-02-23T01:31:15.724Z,["decision086","agent","documentation","rag","integration","system","executive","summary","background","current","state","desired","specification","requirements","technical","details","action","items","dependencies","risks"],["librarian","oracle"],"**Decision ID**: DECISION_086 **Category**: ARCH **Status**: Approved **Priority**: High **Date**: 2026-02-21 **Oracle Approval**: 96% (Assimilated - Research validation strong) **Designer Approval**: 97.5% (Final - GO)"
DECISION_086,decision,architecture,active,2026-02-23T01:31:15.728Z,["decision086","agent","documentation","rag","integration","system","executive","summary","background","current","state","desired","specification","requirements","action","items","dependencies","risks","and","mitigations"],["librarian","oracle"],"This is a test document for the RAG Watcher system. It demonstrates proper YAML frontmatter format for automatic ingestion into the RAG knowledge base. **Current Problem**: - Agent directories exist but are not actively used for documentation - Knowledge is lost between sessions due to context window limitations **Proposed Solution**: - Mandate that all agents create documentation files in their designated directories - Implement automatic RAG ingestion of agent documentation ---"
DECISION_087,decision,architecture,active,2026-02-23T01:31:15.733Z,["decision087","agent","prompt","enhancement","automated","decision","creation","executive","summary","background","current","state","desired","specification","requirements","technical","details","action","items","dependencies"],["librarian","oracle"],"# DECISION_087: Agent Prompt Enhancement & Automated Decision Creation **Decision ID**: DECISION_087 **Category**: AUTO **Status**: **Phase 2 In Progress** **Phase 2 Start**: 2026-02-22 **Phase 2 Focus**: Decision Template Enhancement Implementation **Priority**: Critical **Date**: 2026-02-21 **Phase 1 Completed**: 2026-02-22 (Difficulty Classifier, Topology Selector, Quality Watcher, 8 agent prompts) **Phase 2 Research**: 2026-02-22 (ArXiv + Web research complete, Designer consultation complet"
DECISION_088,decision,Bug Fix,active,2026-02-23T01:31:15.734Z,["decision088","fix","dpd","formula","constructor","eta","overwrite","bug","problem","statement","root","cause","analysis","anomaly","critical","jackpot","overwrites","externallycalculated","moderate","dpm"],["librarian","oracle"],"# DECISION_088: Fix DPD Formula - Constructor ETA Overwrite Bug ## Problem Statement All estimated jackpot times in H0UND were reporting the same date (~7 days from now), making the entire forecasting system useless. Every jackpot — regardless of current value, threshold, DPD rate, or tier — displayed an identical estimated date. ## Root Cause Analysis ### Anomaly #1 (CRITICAL): Jackpot Constructor Overwrites Externally-Calculated ETA **Location**: `C0MMON/Entities/Jackpot.cs` — Constructo"
DECISION_089,decision,architecture,active,2026-02-23T01:31:15.735Z,["decision089","dashboard","logging","improvements","status","approved","priority","medium","category","uiux","source","document","summary","motivation","specifications","remove","jackpot","logs","from","activity"],["librarian","oracle"],"## Status: Approved ## Priority: Medium ## Category: UI/UX"
DECISION_090,decision,architecture,active,2026-02-23T01:31:15.736Z,["decision090","dashboard","improvements","session","status","completed","priority","medium","category","uiux","source","document","build","summary","motivation","specifications","dynamic","truncation","header","balance"],["librarian","oracle"],"## Status: Completed ## Priority: Medium ## Category: UI/UX"
DECISION_091,decision,FEAT,active,2026-02-23T01:31:15.737Z,["decision091","tui","conditional","logic","goto","integration","summary","problem","statement","solution","implementation","files","created","modified","key","bindings","type","definitions","documentation","validation"],["librarian","oracle"],"# DECISION_091: TUI Conditional Logic & Goto Integration ## Summary Extended the P4NTH30N Recorder TUI (DECISION_078) with conditional logic (if-then-else) and goto statements for error handling workflows. Users can now plot what happens when errors occur (server busy, session expired, element missing) directly in the visual interface. ## Problem Statement The TUI could only record linear happy-path workflows. When errors occurred: - Server busy responses - Session timeouts - Elements not"
DECISION_092,decision,architecture,active,2026-02-23T01:31:15.742Z,["decision092","restore","rag","server","and","pantheon","database","tools","toolhive","executive","summary","background","current","state","desired","specification","requirements","technical","details","action"],["librarian","oracle"],"**Decision ID**: INFRA-092 **Category**: INFRA **Status**: Completed **Priority**: Critical **Date**: 2026-02-22 **Completed**: 2026-02-22 **Oracle Approval**: 82% (Assimilated) **Designer Approval**: 85% (Assimilated) **Implementation**: OpenFixer (DEPLOY-092-093)"
DECISION_093,decision,architecture,active,2026-02-23T01:31:15.744Z,["decision093","h0und","unified","alwayson","platform","with","system","tray","integration","executive","summary","background","current","state","desired","specification","requirements","technical","details","action"],["librarian","oracle"],"**Decision ID**: ARCH-093 **Category**: ARCH **Status**: Completed (Includes DECISION_094) **Priority**: Critical **Date**: 2026-02-22 **Completed**: 2026-02-22 **Oracle Approval**: 82% (Assimilated) **Designer Approval**: 85% (Assimilated) **Implementation**: OpenFixer (DEPLOY-092-093)"
DECISION_093,decision,architecture,active,2026-02-23T01:31:15.745Z,["decision093","unified","architecture","synthesis","h0und","alwayson","platform","complete","implementation","strategy","executive","summary","service","inventory","critical","services","must","running","toolhive","managed"],["librarian","oracle"],"# DECISION_093: Unified Architecture Synthesis ## H0UND as Always-On Platform - Complete Implementation Strategy **Decision ID**: ARCH-093 **Synthesis Date**: 2026-02-22 **Status**: Ready for Implementation --- ## Executive Summary This document synthesizes outputs from 3 parallel Designer consultations and comprehensive Explorer research into a unified implementation strategy for DECISION_093. H0UND will become `P4NTH30N.exe` - an always-on platform that manages 15+ services through sys"
DECISION_094,decision,architecture,active,2026-02-23T01:31:15.746Z,["decision094","mcp","server","boottime","integration","summary","background","decision","update","configautostartjson","toolhive","autostart","registration","add","registerautostartps1","create","separate","script","h0und","serviceorchestrator"],["librarian","oracle"],"**Status**: ✅ Implemented **Category**: Infrastructure / Boot-Time Architecture **Priority**: High **Dependencies**: DECISION_092, DECISION_093"
DECISION_095,decision,architecture,active,2026-02-23T01:31:15.748Z,["decision095","toolhive","infrastructure","hardening","container","stability","mongodb","default","database","resolution","executive","summary","background","context","desired","state","specification","phase","foundation","week"],["librarian","oracle"],"# DECISION_095: ToolHive Infrastructure Hardening - Container Stability + MongoDB Default Database Resolution **Decision ID**: INFRA-095 **Category**: INFRA **Status**: Approved **Priority**: High **Date**: 2026-02-22 **Oracle Approval**: 81% (Combined: Infrastructure 84%, MongoDB Defaults 78%) **Designer Approval**: 84% (Combined: Infrastructure 85%, MongoDB Defaults 84%) --- ## Executive Summary This decision establishes comprehensive hardening for ToolHive infrastructure acro"
DECISION_095,decision,architecture,active,2026-02-23T01:31:15.749Z,["decision095","toolhivenative","mongodb","hardening","with","default","database","resolution","executive","summary","background","current","state","desired","specification","requirements","technical","details","action","items"],["librarian","oracle"],"# DECISION_095: ToolHive-Native MongoDB Hardening With Default Database Resolution **Decision ID**: INFRA-095 **Category**: INFRA **Status**: Proposed **Priority**: High **Date**: 2026-02-22 **Oracle Approval**: 78% (Feasibility 7/10, Risk 6/10, Complexity 5/10) **Designer Approval**: 84% (Phased implementation strategy accepted) --- ## Executive Summary We will harden `mongodb-p4nth30n` for ToolHive-native operation by introducing a controlled default-database resolution layer"
DECISION_096,decision,architecture,active,2026-02-23T01:31:15.755Z,["decision096","rebuild","decisionsserver","mongodbp4nth30n","and","ragserver","for","toolhivenative","docker","operation","executive","summary","background","why","instead","fix","current","architecture","problems","desired"],["librarian","oracle"],"# DECISION_096: Rebuild Decisions-Server, MongoDB-P4NTH30N, and RAG-Server for ToolHive-Native Docker Operation **Decision ID**: REBUILD-096 **Category**: INFRA **Status**: **COMPLETED - DEPLOYED TO PRODUCTION** **Priority**: Critical **Date**: 2026-02-22 **Deployed**: 2026-02-22 **Oracle Approval**: 94% (research validated) **Designer Approval**: 94% (academically validated) **Live Endpoints**: ToolHive Gateway (ports 3000/3001/3002 via SSE proxy) **Research Summary**: - Fram"
DECISION_097,decision,architecture,active,2026-02-23T01:31:15.756Z,["decision097","rag","migration","legacy","executive","summary","background","current","state","new","built","decision096","why","migrate","now","specification","requirements","strategy","query","for"],["librarian","oracle"],"# DECISION_097: RAG Migration - Legacy to v2 **Decision ID**: RAG-097 **Category**: INFRA **Status**: Proposed **Priority**: Critical **Date**: 2026-02-22 **Oracle Approval**: Pending (Models: [model] - [contribution]) **Designer Approval**: Pending (Models: [model] - [contribution]) --- ## Executive Summary Migrate all vector data and ingestion configurations from the legacy RAG system (RAG.McpHost.exe on port 5001 with FAISS in-memory index) to the new RAG v2 server (Docker-ba"
DECISION_098,decision,architecture,active,2026-02-23T01:31:15.757Z,["decision098","implement","recorder","navigation","map","h4nd","parallel","workers","executive","summary","background","current","state","desired","specification","requirements","technical","details","files","create"],["librarian","oracle"],"**Decision ID**: DECISION_098 **Category**: ARCH (Architecture) **Status**: Completed **Priority**: Critical **Date**: 2026-02-22 **Oracle Approval**: 88% (Models: Kimi K2.5 - risk assessment, Claude 3.5 Sonnet - CDP patterns) **Designer Approval**: 95% (Models: Claude 3.5 Sonnet - architecture, Kimi K2.5 - implementation strategy)"
DECISION_099,decision,architecture,active,2026-02-23T01:31:15.758Z,["moved","completed","decision"],["librarian","oracle"],"This decision has been completed and moved to: `STR4TEG15T/decisions/completed/DECISION_099.md`"
DECISION_100,decision,architecture,active,2026-02-23T01:31:15.759Z,["decision100","integrate","theseus","plugin","fallback","system","for","oracle","repair","executive","summary","background","current","state","the","gap","desired","research","foundation","source"],["librarian","oracle"],"**Decision ID**: DECISION_100 **Category**: INFRA (Infrastructure) **Status**: Proposed **Priority**: Critical **Date**: 2026-02-22 **Oracle Approval**: [Pending] **Designer Approval**: [Pending]"
DECISION_101,decision,architecture,active,2026-02-23T01:31:15.760Z,["decision101","complete","h4nd","multiprofile","implementation","executive","summary","background","current","state","desired","specification","requirements","technical","details","files","modify","code","changes","action"],["librarian","oracle"],"**Decision ID**: ARCH-101 **Category**: ARCH (Architecture) **Status**: Approved **Priority**: Critical **Date**: 2026-02-22 **Oracle Approval**: 82% (Models: Kimi K2.5 - risk assessment) **Designer Approval**: 95% (Models: Claude 3.5 Sonnet - implementation strategy)"
DECISION_102,decision,architecture,active,2026-02-23T01:31:15.761Z,["decision102","fix","h4nd","navigation","config","loading","json","schema","mismatch","executive","summary","background","current","state","desired","specification","requirements","technical","details","action"],["librarian","oracle"],"**Decision ID**: CORE-102 **Category**: CORE (Core Functionality) **Status**: Not Launch **Priority**: Critical **Date**: 2026-02-22 **Oracle Approval**: 87% (Models: Oracle - risk assessment) **Designer Approval**: 95% (Models: Claude 3.5 Sonnet - implementation strategy)"
DECISION_103,decision,architecture,active,2026-02-23T01:31:15.762Z,["decision103","critical","remediate","systematic","silent","failures","across","h4nd","executive","summary","findings","from","explorer","navigation","layer","gate","parallel","processing","worker","collisions"],["librarian","oracle"],"**Decision ID**: CRIT-103 **Category**: CRIT (Critical Infrastructure) **Status**: Proposed **Priority**: CRITICAL **Date**: 2026-02-22 **Oracle Approval**: Pending **Designer Approval**: Pending **Source**: Explorer Investigation - Silent Failures Masking Total Breakdown"
DECISION_104,decision,architecture,active,2026-02-23T01:31:15.763Z,["decision104","create","agenttychon","the","truthteller","agent","executive","summary","philosophy","oracle","says","manage","risk","tychon","mandate","role","definition","authority","level","responsibilities"],["librarian","oracle"],"**Decision ID**: ARCH-104 **Category**: ARCH (Architecture) **Status**: Proposed **Priority**: Critical **Date**: 2026-02-22 **Oracle Approval**: N/A (Counterweight role - independent authority) **Designer Approval**: Pending **Source**: DECISION_103 Findings - Need for Truth Over Safety Theater"
DECISION_105,decision,architecture,active,2026-02-23T01:31:15.764Z,["decision105","nexus","inventory","silentfailure","patterns","institutional","canon","executive","summary","pattern","empty","catches","ignored","exceptions","defaultsuccess","returns","async","void","handlers","logging"],["librarian","oracle"],"**Decision ID**: CANON-105 **Category**: CANON (Institutional Knowledge) **Status**: Approved **Priority**: Critical **Date**: 2026-02-22 **Source**: Nexus Submission - Inventory of Silent-Failure Patterns **Tychon Approval**: 100% (Validates Tychon Philosophy) **Designer Approval**: Pending"
DECISION_106,decision,architecture,active,2026-02-23T01:31:15.764Z,["decision106","fix","navigationmaploader","config","discovery","bug","executive","summary","background","current","state","desired","specification","requirements","technical","details","action","items","dependencies","risks"],["librarian","oracle"],"**Decision ID**: BUG-106 **Category**: BUG **Status**: Completed **Priority**: Critical **Date**: 2026-02-22 **Oracle Approval**: 95% **Designer Approval**: 95%"
DECISION_107,decision,architecture,active,2026-02-23T01:31:15.766Z,["decision107","orion","stars","firekirin","automation","failure","investigation","executive","summary","background","current","state","desired","approach","parallel","explorer","deployment","action","items","dependencies"],["librarian","oracle"],"**Decision ID**: AUTO-107 **Category**: AUTO **Status**: Approved **Priority**: Critical **Date**: 2026-02-22 **Oracle Approval**: 85% (Assimilated) **Designer Approval**: 90% (Assimilated)"
DECISION_108,decision,architecture,active,2026-02-23T01:31:15.767Z,["decision108","librarian","memory","system","for","rag","fallback","executive","summary","background","current","state","desired","specification","requirements","technical","details","core","identification","status"],["librarian","oracle"],"**Decision ID**: DECISION_108 **Category**: INFRA **Status**: Approved **Priority**: High **Date**: 2026-02-22 **Oracle Approval**: 82% (Models: Kimi K2.5 - analysis) **Designer Approval**: 95% (Models: Kimi K2.5 - full specification)"
DECISION_109,decision,architecture,active,2026-02-23T01:31:15.767Z,["decision109","fix","firekirin","workflow","ignoring","recorded","step","config","executive","summary","background","current","state","desired","specification","requirements","technical","details","use","hardcoded"],["librarian","oracle"],"**Decision ID**: FORGE-004 **Category**: FORGE **Status**: Completed **Priority**: Critical **Date**: 2026-02-22 **Oracle Approval**: 95% (Assimilated - Critical bug fix, no architectural risk) **Designer Approval**: 95% (Assimilated - Aligns with existing ARCH-081 patterns)"
DECISION_044,decision,architecture,active,2026-02-23T01:31:15.768Z,["decision","assimilation","report","decisions","025046","final","validation","status","summary","completed","decision044","first","autonomous","spin","validated","live","decision045","extensionfree","jackpot","reading"],["librarian","oracle"],"# DECISION ASSIMILATION REPORT ## Decisions 025-046: Final Validation Status **Date**: 2026-02-20T14:30 UTC-07 **Agent**: WindFixer (WindSurf) **Validation Method**: Live systems (MongoDB, Chrome CDP, FireKirin), build verification, file existence **Total Decisions**: 21 (025-046) --- ## VALIDATION SUMMARY | Category | Count | Decisions | |----------|-------|-----------| | **Completed (moved to completed/)** | 8 | 026, 032, 033, 034, 040, 043, 044, 045 | | **Implemented (code exists, bu"
DECISION_037,decision,architecture,active,2026-02-23T01:31:15.770Z,["deployment","package","sprint","20260220","executive","summary","decision","phase","infrastructure","foundation","week","decision037","subagent","fallback","system","hardening","decision038","multiagent","decisionmaking","workflow"],["librarian","oracle"],"**Strategist**: Atlas **Date**: 2026-02-20 **Status**: Ready for Implementation **Primary Fixer**: WindFixer **Total Decisions**: 5 **Total Action Items**: 57 **Estimated Duration**: 6-8 weeks"
DECISION_065,decision,architecture,active,2026-02-23T01:31:15.773Z,["designer","implementation","input","consolidated","strategies","decision065","hierarchical","rag","indexing","with","rtree","phase","breakdown","key","specifications","technical","details","decision066","postexecution","tool"],["librarian","oracle"],"**Date**: 2026-02-21 **Models**: Claude 3.5 Sonnet (implementation), Kimi K2.5 (research synthesis), Gemini 2.5 Flash (speed validation)"
FORGE-001-DIRECTORY-ARCHITECTURE,decision,architecture,active,2026-02-23T01:31:15.776Z,["decision","t4ct1cs","directory","architecture","standardization","executive","summary","specification","root","structure","naming","conventions","files","cluster","speech","action","subagent","interaction","protocol","read"],["librarian","oracle"],"**Decision ID**: FORGE-001 **Category**: FORGE (Platform-Pattern) **Status**: Proposed **Priority**: Critical **Date**: 2026-02-18 **Oracle Approval**: 68% → 95% (All blockers addressed) **Designer Approval**: 74% → 95% (Comprehensive implementation plan)"
FORGE-002-DECISION-MAKING-ENHANCEMENT,decision,architecture,active,2026-02-23T01:31:15.778Z,["forge002","decisionmaking","process","enhancement","framework","executive","summary","granular","decision","rating","system","dimensions","010","scale","each","weighted","overall","score","calculation","lifecycle"],["librarian","oracle"],"**Decision ID**: FORGE-002 **Category**: FORGE (Platform-Pattern) **Status**: Approved **Priority**: Critical **Date**: 2026-02-18 **Oracle Approval**: Pending (Deep-dive requested) **Designer Approval**: 92% (Approved with minor revisions) **Strategist Assessment**: 95% (Approve for implementation) **Aggregated Score**: 93.5% - APPROVED FOR IMPLEMENTATION"
FOUREYES_CODEBASE_REFERENCE,decision,architecture,active,2026-02-23T01:31:15.779Z,["foureyes","vision","system","codebaseenhanced","decision","framework","executive","summary","completed","implementations","foureyes001","circuit","breaker","pattern","foureyes002","degradation","manager","foureyes003","operation","tracker"],["librarian","oracle"],"## Executive Summary The Four-Eyes vision system is significantly more complete than initially assessed. **7 of 20 decisions are FULLY IMPLEMENTED** in the codebase with production-ready code. The remaining work focuses on integration, testing, and advanced autonomy features."
FOUREYES_DECISION_FRAMEWORK,decision,architecture,active,2026-02-23T01:31:15.780Z,["foureyes","vision","system","decision","framework","executive","summary","inventory","phase","production","hardening","foundation","weeks","engine","risk","annihilation","autonomous","learning","deployment","910"],["librarian","oracle"],"I have assimilated the comprehensive plan from 5 strategic documents and created a complete decision framework for the Four-Eyes vision system pivot. This represents a 5-phase migration from polling-based signal generation to autonomous vision-based decision making. **Oracle Approval: 92%** - Validated by Orion with identified risks and mitigations captured. ---"
IDEMPOTENTSIGNALGENERATIONSYSTEM,decision,architecture,active,2026-02-23T01:31:15.783Z,["cascade","chat","conversation","user","input","opus","ultimate","test","single","challenge","justify","premium","cost","the","p4nth30n","architecture","crisis","prompt","success","metrics"],["librarian","oracle"],"Note: _This is purely the output of the chat conversation and does not contain any raw data, codebase snippets, etc. used to generate the output._"
DECISION_062,decision,architecture,active,2026-02-23T01:31:15.788Z,["infra068","mcp","server","configuration","consolidation","and","cleanup","executive","summary","background","current","state","desired","specification","requirements","technical","details","action","items","dependencies"],["librarian","oracle"],"**Decision ID**: INFRA-068 **Category**: INFRA **Status**: Completed **Priority**: High **Date**: 2026-02-21 **Oracle Approval**: 95 **Designer Approval**: Approved"
DECISION_065,decision,architecture,active,2026-02-23T01:31:15.788Z,["quick","reference","research","decisions","064067","glance","high","priority","phase","medium","approval","ratings","impact","summary","files","new","total","modified","token","budget"],["librarian","oracle"],"## AT A GLANCE ``` ┌─────────────────────────────────────────────────────────────┐ │ 4 Decisions │ All Approved │ Research-Backed │ Ready │ └─────────────────────────────────────────────────────────────┘ ```"
DECISION_065,decision,architecture,active,2026-02-23T01:31:15.789Z,["strategist","report","research","decisions","ready","for","implementation","situation","sequence","phase","performance","foundation","week","operational","excellence","deliverables","created","speech","synthesis","windfixer"],["librarian","oracle"],"**Date**: 2026-02-21 **Strategist**: Pyxis **Status**: ✅ Deployment Package Complete"
STRATEGY-ARCHITECTURE-V3,decision,architecture,active,2026-02-23T01:31:15.790Z,["p4nth30n","streamlined","agentic","architecture","v30","selffunded","environment","multiplatform","fixer","strategy","executive","summary","current","state","key","optimizations","renaming","proposed","updated","pantheon"],["librarian","oracle"],"### Current State - **OpenCode**: Primary agent orchestration, all agents implemented in `C:\Users\paulc\.config\opencode\agents` - **WindSurf**: Fixer execution environment (cheaper per-prompt billing vs context-based) - **Decision Framework**: Central cost-saving mechanism - **Model Preference**: Opus 4.6 Thinking (Nexus Preferred) - **Bug Handling**: Forgewright with unit testing accountability"
DECISION-PACKAGE-2026,decision,architecture,active,2026-02-23T01:31:15.791Z,["strategist","summary","threedecision","package","decision","overview","executive","infra037","subagent","fallback","system","hardening","problem","solution","critical","path","components","files","create","modify"],["librarian","oracle"],"**Date**: 2026-02-20 **Strategist**: Atlas **Status**: Approved for Implementation **Total Decisions**: 3 **Total Action Items**: 35 **Estimated Effort**: 6-8 weeks"
DECISION-AUD-001,decision,architecture,active,2026-02-23T01:31:15.792Z,["decisionaud001","enable","windows","audio","recording","via","vbcable","virtual","driver","executive","summary","background","current","state","desired","specification","requirements","technical","details","action"],["librarian","oracle"],"**Decision ID**: AUD-001 **Category**: INFRA **Status**: Completed **Priority**: High **Date**: 2026-02-20 **Oracle Approval**: 95% (Assimilated) **Designer Approval**: 95% (Assimilated)"
DECISION-FORGE-004,decision,architecture,active,2026-02-23T01:31:15.793Z,["decisionforge004","agent","documentation","workflow","hardening","executive","summary","background","current","state","desired","specification","requirements","technical","details","action","items","dependencies","risks","and"],["librarian","oracle"],"**Decision ID**: FORGE-004 **Category**: FORGE **Status**: Completed **Priority**: Critical **Date**: 2026-02-20 **Oracle Approval**: 98% (Assimilated) **Designer Approval**: 98% (Assimilated)"
DECISION_026,decision,architecture,active,2026-02-23T01:31:15.793Z,["decision026","cdp","automation","with","request","interception","and","session","sandboxing","executive","summary","research","source","specification","requirements","action","items","files","dependencies","designer"],["librarian","oracle"],"**Decision ID**: DECISION_026 **Category**: Automation **Status**: Approved **Priority**: High **Date**: 2026-02-20 **Oracle Approval**: 95% **Designer Approval**: Approved"
DECISION_032,decision,architecture,active,2026-02-23T01:31:15.793Z,["decision032","config","deployer","executable","executive","summary","source","destination","mappings","agent","prompts","windsurf","configs","rag","binary","mcp","implementation","strategy","phase","deploy"],["librarian","oracle"],"**Decision ID**: DECISION_032 **Category**: Infrastructure **Status**: Approved **Priority**: High **Date**: 2026-02-20 **Oracle Approval**: 94% (Strategist Assimilated) **Designer Approval**: 93% (Strategist Assimilated)"
DECISION_033,decision,architecture,active,2026-02-23T01:31:15.794Z,["decision033","rag","activation","and","institutional","memory","hub","executive","summary","architecture","existing","what","gets","ingested","agent","directories","high","priority","config","documentation"],["librarian","oracle"],"**Decision ID**: DECISION_033 **Category**: Architecture **Status**: Approved **Priority**: High **Date**: 2026-02-20 **Oracle Approval**: 97% (Strategist Assimilated) **Designer Approval**: 94% (Strategist Assimilated)"
DECISION_034,decision,architecture,active,2026-02-23T01:31:15.795Z,["decision034","session","history","harvester","for","rag","executive","summary","data","sources","opencode","cuserspaulclocalshareopencode","windsurf","cuserspaulcappdataroamingwindsurf","p4nth30n","agent","directories","implementation","strategy","phase"],["librarian","oracle"],"**Decision ID**: DECISION_034 **Category**: Infrastructure **Status**: Approved **Priority**: High **Date**: 2026-02-20 **Oracle Approval**: 93% (Strategist Assimilated) **Designer Approval**: 92% (Strategist Assimilated)"
DECISION_037,decision,architecture,active,2026-02-23T01:31:15.796Z,["decision037","subagent","fallback","system","hardening","executive","summary","background","current","state","desired","specification","requirements","technical","details","action","items","dependencies","risks","and"],["librarian","oracle"],"# DECISION_037: Subagent Fallback System Hardening **Decision ID**: INFRA-037 **Category**: INFRA **Status**: Completed **Priority**: Critical **Date**: 2026-02-20 **Oracle Approval**: 92% (Strategist Assimilated) **Designer Approval**: 90% (Completed) **Implemented By**: OpenFixer **Implementation Date**: 2026-02-20 **Verification**: COMPLETED — Resilience module deployed to oh-my-opencode-theseus plugin - Files Created: 7 source + 1 test in `~/.config/opencode/dev/src/backgr"
DECISION_040,decision,architecture,active,2026-02-23T01:31:15.798Z,["decision040","production","environment","validation","and","first","spin","execution","executive","summary","background","current","state","desired","specification","requirements","technical","details","action","items"],["librarian","oracle"],"**Decision ID**: PROD-040 **Category**: PROD **Status**: Proposed **Priority**: Critical **Date**: 2026-02-20 **Oracle Approval**: Pending **Designer Approval**: Pending"
DECISION_043,decision,architecture,active,2026-02-23T01:31:15.798Z,["decision043","l33t","directory","rename","final","approval","executive","summary","background","current","state","desired","specification","requirements","technical","details","action","items","dependencies","risks"],["librarian","oracle"],"**Decision ID**: RENAME-043 **Category**: ARCH **Status**: Proposed **Priority**: Medium **Date**: 2026-02-20 **Oracle Approval**: Pending **Designer Approval**: Pending"
DECISION_044,decision,architecture,active,2026-02-23T01:31:15.799Z,["decision044","first","autonomous","jackpot","spin","execution","executive","summary","background","the","journey","here","what","means","specification","requirements","technical","details","action","items"],["librarian","oracle"],"# DECISION_044: First Autonomous Jackpot Spin Execution **Decision ID**: SPIN-044 **Category**: SPIN **Status**: Completed **Priority**: CRITICAL **Date**: 2026-02-20 **Oracle Approval**: 99% (Strategist Assimilated) **Designer Approval**: 96% (Strategist Assimilated) **Implemented By**: WindFixer **Implementation Date**: 2026-02-20 **Verification**: COMPLETED — First autonomous jackpot spin executed 2026-02-20 - Game: Fortune Piggy (FireKirin) - Bet: $0.10 - Result: WIN $0.06"
DECISION_045,decision,architecture,active,2026-02-23T01:31:15.800Z,["decision045","extensionfree","jackpot","reading","implementation","executive","summary","background","previous","broken","windfixer","live","validation","specification","requirements","technical","details","action","items","dependencies"],["librarian","oracle"],"# DECISION_045: Extension-Free Jackpot Reading Implementation **Decision ID**: OPS-045 **Category**: OPS **Status**: Completed **Priority**: CRITICAL **Date**: 2026-02-20 **Oracle Approval**: 98% (Strategist Assimilated) **Designer Approval**: 97% (Strategist Assimilated) **Implemented By**: WindFixer **Implementation Date**: 2026-02-20 **Verification**: COMPLETED — Live validation against FireKirin 2026-02-20 - Grand: $1,583.97 - Major: $543.50 - Minor: $113.08 - Mini: $21.46"
DECISION_083,decision,architecture,active,2026-02-23T01:31:15.802Z,["decision083","h0und","data","reset","for","burnin","period","executive","summary","background","current","state","desired","specification","requirements","technical","details","action","items","dependencies"],["librarian","oracle"],"**Decision ID**: DECISION_083 **Category**: CORE **Status**: Completed **Priority**: Critical **Date**: 2026-02-21 **Oracle Approval**: 74% (Models: Claude 3.5 Sonnet - risk assessment, Kimi K2 - complexity analysis) **Designer Approval**: 92% (Models: Claude 3.5 Sonnet - architecture review, Kimi K2 - implementation strategy)"
DECISION_084,decision,architecture,active,2026-02-23T01:31:15.802Z,["decision084","filter","jackpots","with","insufficient","dpd","data","from","display","executive","summary","background","current","state","desired","specification","requirements","technical","details","action"],["librarian","oracle"],"**Decision ID**: DECISION_084 **Category**: CORE **Status**: Completed **Priority**: High **Date**: 2026-02-21 **Oracle Approval**: 82% (Strategist assimilated - display filter is low-risk, appropriate threshold) **Designer Approval**: 85% (Claude 3.5 Sonnet - implementation review, formatting guidance)"
DECISION_085,decision,architecture,active,2026-02-23T01:31:15.805Z,["decision085","fix","jackpot","eta","calculation","bug","prevent","past","date","estimates","executive","summary","background","root","cause","analysis","why","this","happens","specification"],["librarian","oracle"],"**Decision ID**: DECISION_085 **Category**: CORE **Status**: Completed **Priority**: Critical **Date**: 2026-02-21 **Completed**: 2026-02-22 **Oracle Approval**: 88% (Strategist assimilated - root cause identified, validation approach sound) **Designer Approval**: 92% (Claude 3.5 Sonnet - defense in depth, DPD bounds validation, ErrorLog approach)"
DECISION_086,decision,architecture,active,2026-02-23T01:31:15.808Z,["decision086","h0und","burnin","unit","test","suite","jackpot","data","collection","validation","executive","summary","background","why","this","matters","timeline","coverage","requirements","specification"],["librarian","oracle"],"**Decision ID**: DECISION_086 **Category**: CORE **Status**: Completed **Priority**: Critical **Date**: 2026-02-21 **Completed**: 2026-02-22 **Oracle Approval**: 91% (Strategist assimilated - research validated) **Designer Approval**: 92% (Claude 3.5 Sonnet - test architecture, implementation patterns)"
DECISION_097,decision,architecture,active,2026-02-23T01:31:15.809Z,["decision097","rag","migration","legacy","executive","summary","execution","completed","20260222","results","actions","note","success","criteria","related","decisions","decision","status","date","migrate"],["librarian","oracle"],"Migrate all vector data and ingestion configurations from the legacy RAG system (RAG.McpHost.exe on port 5001 with FAISS in-memory index) to the new RAG v2 server (Docker-based with ChromaDB vector store). This migration consolidates the RAG infrastructure onto the modern v2 architecture built in DECISION_096, eliminating the legacy system and its associated maintenance burden. **Result**: ✅ Successfully migrated 4,455 legacy vectors → 7,421 RAG v2 vectors ---"
DECISION_099,decision,architecture,active,2026-02-23T01:31:15.813Z,["decision099","firekirin","login","smoke","test","preburnin","validation","gate","executive","summary","research","foundation","arxiv251119477","building","browser","agents","architecture","security","and","practical"],["librarian","oracle"],"Create a standalone smoke test executable that validates FireKirin login functionality BEFORE the 24-hour burn-in. This pre-burn-in validation gate ensures all critical path components work: Chrome profile isolation, CDP connectivity, canvas coordinate relativity, 6-strategy typing, and login verification. **Key Principle**: *Safety boundaries enforced through code, not LLM reasoning* (per arXiv:2511.19477) ---"
DECISION_039,decision,architecture,active,2026-02-23T01:31:15.814Z,["agent","tool","discovery","guide","quick","reference","find","list","all","available","tools","get","compact","summary","for","context","injection","check","server","health"],["librarian","oracle"],"**Decision**: MIGRATE-004 **Purpose**: How agents discover and use tools via ToolHive"
DECISION_104,decision,architecture,active,2026-02-23T01:31:15.815Z,["agenttychon","the","truthteller","identity","mandate","philosophy","oracle","tychon","four","principles","questions","output","assessment","format","veto","integration","when","required","advisory","threeapproval"],["librarian","oracle"],"# AGENT_TYCHON - The Truth-Teller ## Identity **Name**: Tychon (τῡ́χων) **Title**: The Truth-Teller **Origin**: Greek philosophy - ""the one who hits the mark, who speaks without flattery"" **Role**: Counterweight to Oracle **Weight**: 50% of approval authority (shared with Oracle for CRITICAL decisions) ## The Mandate **Primary Directive**: *The only sin is hidden failure.* **Purpose**: Expose hidden failures. Demand truth over comfort. **Enemy**: Silent failures, false success, s"
ENTITY-FRAMEWORK-SECURITY-VULNERABILITIES,decision,architecture,active,2026-02-22T00:00:00Z,["entity","framework","security","vulnerabilities","assimilated","intelligence","overview","critical","findings","highseverity","aspnetnet","related","ecosystem","information","disclosure","patterns","netef","applications","specific","considerations"],["librarian","oracle"],"# Entity Framework Security Vulnerabilities - Assimilated Intelligence ## Overview Web search conducted on 2026-02-22 to identify known bugs and security vulnerabilities in Entity Framework (EF) and EF Core that could lead to information disclosure or data exposure. ## Critical Findings ### High-Severity ASP.NET/.NET Vulnerabilities (Related Ecosystem) **CVE-2025-55315** - HTTP Request Smuggling in ASP.NET Core - CVSS Score: 9.9 (Critical) - Impact: HTTP request smuggling attacks enabling"
DECISION_038,decision,architecture,active,2026-02-23T01:31:15.816Z,["token","optimization","guide","overview","budget","framework","tiers","peragent","budgets","model","selection","matrix","task","type","context","size","strategies","batching","pruning","downgrading"],["librarian","oracle"],"**Document ID**: GUIDE-001 **Category**: Cost Optimization **Status**: Active **Date**: 2026-02-20 **Authority**: DECISION_038 (FORGE-003)"
INTELLIGENCE_HARDENING_BRIEF,decision,architecture,active,2026-02-23T01:31:15.817Z,["intelligence","brief","hardening","against","deception","the","models","lied","harden","finding","offensive","programming","defensive","oracles","way","tychons","principle","chaos","engineering","netflixs"],["librarian","oracle"],"# INTELLIGENCE BRIEF: Hardening Against Deception **From the Front Lines of CRIT-103** --- ## The Models Lied. We Harden. ChatGPT 5.3-codex gave us comfort. Told us we were safe. Wrapped rot in pretty percentages. **The Oracle's sin**: Defensive programming that defends against truth. We don't need defense. We need **offense**. --- ## Finding 1: Offensive Programming **Source**: Memfault, Programming Duck, Alaska Software ### Defensive Programming (The Oracle's Way) ```csharp // Assume"
DECISION_039,decision,architecture,active,2026-02-23T01:31:15.817Z,["mcp","migration","guide","when","migrate","server","template","create","project","structure","implement","protocol","register","with","toolhive","gateway","add","windsurf","config","build"],["librarian","oracle"],"**Decision**: MIGRATE-004 **Purpose**: How to migrate CLI tools to MCP servers"
DECISION_035,decision,architecture,active,2026-02-23T01:31:15.818Z,["str4teg15t","policy","subagent","report","persistence","statement","requirements","mandatory","file","creation","structure","agent","consultation","decisionnnn","original","response","metadata","decision","updates","exception"],["librarian","oracle"],"**Policy ID**: POLICY-001 **Category**: Process **Status**: Active **Date**: 2026-02-20 **Authority**: Strategist (Atlas)"
DECISION_029,decision,architecture,active,2026-02-23T01:31:15.819Z,["canon","session","20260220","arxiv","research","under","pressure","what","happened","worked","direct","mongodb","access","bypasses","tool","failures","role","assimilation","sequential","thinking"],["librarian","oracle"],"## What Happened OpenFixer was tasked with creating decisions from ArXiv research. The Librarian was at max quota. The decisions-server was timing out. Every tool that the Strategist prompt relied on was down."
DECISION_039,decision,architecture,active,2026-02-23T01:31:15.819Z,["toolhive","integration","guide","architecture","registered","mcp","servers","gateway","tools","autodiscovery","health","monitoring","context","reduction","strategy","file","locations","migrate","status","agent"],["librarian","oracle"],"**Decision**: MIGRATE-004 **Status**: Implemented **Date**: 2026-02-20"
DECISION_038,decision,architecture,active,2026-02-23T01:31:15.820Z,["bugfix","delegation","workflow","overview","phases","phase","detection","resolution","integration","subdecision","template","bugxxxnnn","brief","bug","description","root","cause","analysis","changes","made"],["librarian","oracle"],"**Document ID**: WORKFLOW-001 **Category**: Process **Status**: Active **Date**: 2026-02-20 **Authority**: DECISION_038 (FORGE-003)"
DECISION_105,decision,architecture,active,2026-02-23T01:31:15.821Z,["designer","review","decision105","approval","percentage","breakdown","architectural","assessment","strengths","areas","for","enhancement","tychonpatternsyml","pattern","detection","configuration","tool","recommendations","astgrep","rules"],["librarian","oracle"],"**Reviewer**: Aegis (Designer) **Decision**: CANON-105 - Nexus Inventory of Silent-Failure Patterns **Date**: 2026-02-22 **Status**: APPROVED"
DESIGNER_TYCHON_PHILOSOPHY_ROUND1,decision,architecture,active,2026-02-23T01:31:15.825Z,["tychon","philosophy","research","round","architectural","assessment","propertybased","testing","chaos","engineering","formal","verification","executive","summary","findings","synthesis","fail","faster","arxiv250319797","literature"],["librarian","oracle"],"# TYCHON PHILOSOPHY RESEARCH - ROUND 1 ## Architectural Assessment: Property-Based Testing, Chaos Engineering & Formal Verification **Consultation ID:** DESIGNER_TYCHON_PHILOSOPHY_ROUND1 **Date:** 2026-02-22 **Consultant:** Aegis (Designer) **Requestor:** Pyxis (Strategist) **Status:** COMPLETE --- ## EXECUTIVE SUMMARY The arXiv research reveals three complementary methodologies that align with Tychon's core philosophy: **expose failures, don't hide them**. Each approach targets diff"
THESEUS-INFINITE-FALLBACK-ANALYSIS,decision,architecture,active,2026-02-23T01:31:15.827Z,["infinite","fallback","loops","triage","scorecard","analysis","executive","summary","current","chain","mechanics","definition","endofchain","behavior","data","structure","schema","persistence","circuit","breaker"],["librarian","oracle"],"The Theseus plugin implements a sophisticated fallback system with circuit breakers, retry logic, and model health tracking. This analysis reveals how to transform the existing fail-through mechanism into an **infinite loop system** that treats triage data as a **competitive scorecard** for model analytics. ---"
ORACLE2026-02-18T20-15-00-FORGE-001,decision,architecture,active,2026-02-23T01:31:15.828Z,["oracle","consultation","request","forge001","decision","summary","questions","for","risk","assessment","critical","architecture","validation","fallback","mechanisms","operational","concerns","current","state","context"],["librarian","oracle"],"**Decision**: FORGE-001 Directory Architecture Standardization **Date**: 2026-02-18 20:15:00 **Requested By**: Strategist **Consultation Type**: Risk Assessment & Architecture Validation"
ORACLE2026-02-18T21-30-00-FORGE-002,decision,architecture,active,2026-02-23T01:31:15.829Z,["oracle","consultation","request","forge002","decision","summary","critical","questions","for","rating","dimensions","validation","approval","thresholds","state","machine","design","high","risk","assessment"],["librarian","oracle"],"**Decision**: FORGE-002 Decision-Making Process Enhancement **Date**: 2026-02-18 21:30:00 **Requested By**: Strategist **Consultation Type**: Framework Validation & Rating System Approval **Target**: 90%+ Granular Approval"
DECISION_025,decision,architecture,active,2026-02-23T01:31:15.830Z,["oracle","consultation","decision025","assimilated","analysis","feasibility","score","910","risk","210","very","low","complexity","310","key","findings","top","risks","recommendations","mitigations"],["librarian","oracle"],"**Decision ID**: DECISION_025 **Agent**: Oracle (Orion) **Task ID**: Assimilated by Strategist **Date**: 2026-02-20 **Status**: Complete (Strategist Assimilated - Subagent Fallback Failed)"
DECISION_026,decision,architecture,active,2026-02-23T01:31:15.830Z,["oracle","consultation","decision026","assimilated","analysis","feasibility","score","810","risk","410","moderate","complexity","610","medium","key","findings","top","risks","recommendations","mitigations"],["librarian","oracle"],"**Decision ID**: DECISION_026 **Agent**: Oracle (Orion) **Task ID**: Assimilated by Strategist **Date**: 2026-02-20 **Status**: Complete (Strategist Assimilated - Subagent Fallback Failed)"
DECISION_027,decision,architecture,active,2026-02-23T01:31:15.831Z,["oracle","consultation","decision027","assimilated","analysis","feasibility","score","710","risk","510","moderate","complexity","high","key","findings","top","risks","recommendations","mitigations","improvements"],["librarian","oracle"],"**Decision ID**: DECISION_027 **Agent**: Oracle (Orion) **Task ID**: Assimilated by Strategist **Date**: 2026-02-20 **Status**: Complete (Strategist Assimilated - Subagent Fallback Failed)"
DECISION_028,decision,architecture,active,2026-02-23T01:31:15.832Z,["oracle","consultation","decision028","assimilated","analysis","feasibility","score","710","risk","510","moderate","complexity","610","medium","key","findings","top","risks","recommendations","mitigations"],["librarian","oracle"],"**Decision ID**: DECISION_028 **Agent**: Oracle (Orion) **Task ID**: Assimilated by Strategist **Date**: 2026-02-20 **Status**: Complete (Strategist Assimilated - Subagent Fallback Failed)"
DECISION_031,decision,architecture,active,2026-02-23T01:31:15.833Z,["oracle","consultation","decision031","assimilated","analysis","feasibility","score","910","risk","310","low","complexity","510","medium","key","findings","top","risks","recommendations","mitigations"],["librarian","oracle"],"**Decision ID**: DECISION_031 **Agent**: Oracle (Orion) **Task ID**: Assimilated by Strategist **Date**: 2026-02-20 **Status**: Complete (Strategist Assimilated - Subagent Fallback Failed)"
DECISION_032,decision,architecture,active,2026-02-23T01:31:15.833Z,["oracle","consultation","decision032","assimilated","analysis","feasibility","score","910","risk","210","very","low","complexity","310","key","findings","top","risks","recommendations","mitigations"],["librarian","oracle"],"**Decision ID**: DECISION_032 **Agent**: Oracle (Orion) **Task ID**: Assimilated by Strategist **Date**: 2026-02-20 **Status**: Complete (Strategist Assimilated - Subagent Fallback Failed)"
DECISION_033,decision,architecture,active,2026-02-23T01:31:15.834Z,["oracle","consultation","decision033","assimilated","analysis","feasibility","score","910","risk","210","very","low","complexity","410","lowmedium","key","findings","top","risks","recommendations"],["librarian","oracle"],"**Decision ID**: DECISION_033 **Agent**: Oracle (Orion) **Task ID**: Assimilated by Strategist **Date**: 2026-02-20 **Status**: Complete (Strategist Assimilated - Subagent Fallback Failed)"
DECISION_034,decision,architecture,active,2026-02-23T01:31:15.834Z,["oracle","consultation","decision034","assimilated","analysis","feasibility","score","810","risk","410","moderate","complexity","510","medium","key","findings","top","risks","recommendations","mitigations"],["librarian","oracle"],"**Decision ID**: DECISION_034 **Agent**: Oracle (Orion) **Task ID**: Assimilated by Strategist **Date**: 2026-02-20 **Status**: Complete (Strategist Assimilated - Subagent Fallback Failed)"
DECISION_035,decision,architecture,active,2026-02-23T01:31:15.835Z,["oracle","consultation","decision035","assessment","approval","rating","scores","risk","analysis","top","risks","ranked","impact","critical","success","factors","recommendations","implementation","sequencing","verdict"],["librarian","oracle"],"**Decision ID**: TEST-035 **Decision Title**: End-to-End Jackpot Signal Testing Pipeline **Consultation Date**: 2026-02-20 **Oracle Status**: Strategist Assimilated (subagent unavailable)"
DECISION_036,decision,architecture,active,2026-02-23T01:31:15.836Z,["oracle","consultation","decision036","assessment","approval","rating","scores","risk","analysis","top","risks","ranked","impact","critical","success","factors","component","implementation","priority","recommendations"],["librarian","oracle"],"**Decision ID**: FEAT-036 **Decision Title**: FourEyes Development Assistant Activation **Consultation Date**: 2026-02-20 **Oracle Status**: Strategist Assimilated (subagent unavailable)"
DECISION_037,decision,architecture,active,2026-02-23T01:31:15.836Z,["oracle","consultation","decision037","assessment","approval","rating","scores","risk","analysis","top","risks","ranked","impact","critical","success","factors","safety","limits","key","design"],["librarian","oracle"],"**Decision ID**: INFRA-037 **Decision Title**: Subagent Fallback System Hardening **Consultation Date**: 2026-02-20 **Oracle Status**: Strategist Assimilated (subagent unavailable - ironic, given this is the fallback system we're fixing)"
DECISION_038,decision,architecture,active,2026-02-23T01:31:15.837Z,["oracle","consultation","decision038","assessment","approval","rating","scores","risk","analysis","top","risks","ranked","impact","critical","success","factors","agent","subdecision","authority","matrix"],["librarian","oracle"],"**Decision ID**: FORGE-003 **Decision Title**: Multi-Agent Decision-Making Workflow with Forgewright **Consultation Date**: 2026-02-20 **Oracle Status**: Strategist Assimilated (subagent unavailable)"
DECISION_039,decision,architecture,active,2026-02-23T01:31:15.837Z,["oracle","consultation","decision039","original","response","assimilated","analysis","feasibility","score","910","risk","310","low","complexity","610","medium","key","findings","mitigations","metadata"],["librarian","oracle"],"**Decision ID**: MIGRATE-004 **Agent**: Oracle (Orion) **Task ID**: Assimilated by Strategist **Date**: 2026-02-20 **Status**: Complete (Strategist Assimilated)"
DECISION_040,decision,architecture,active,2026-02-23T01:31:15.838Z,["oracle","consultation","decision040","assessment","approval","rating","scores","risk","analysis","top","risks","ranked","impact","critical","success","factors","recommendations","verdict","decision","validation"],["librarian","oracle"],"**Decision ID**: PROD-040 **Decision Title**: Production Environment Validation and First Spin Execution **Consultation Date**: 2026-02-20 **Oracle Status**: Strategist Assimilated (subagent timeout)"
DECISION_041,decision,architecture,active,2026-02-23T01:31:15.838Z,["oracle","consultation","decision041","assessment","approval","rating","scores","risk","analysis","top","risks","ranked","impact","critical","success","factors","recommendations","verdict","decision","orionstars"],["librarian","oracle"],"**Decision ID**: AUTH-041 **Decision Title**: OrionStars Session Renewal and Authentication Recovery **Consultation Date**: 2026-02-20 **Oracle Status**: Strategist Assimilated (subagent timeout)"
DECISION_042,decision,architecture,active,2026-02-23T01:31:15.838Z,["oracle","consultation","decision042","assessment","approval","rating","scores","risk","analysis","top","risks","ranked","impact","critical","success","factors","recommendations","verdict","decision","agent"],["librarian","oracle"],"**Decision ID**: IMPL-042 **Decision Title**: Agent Implementation Completion (DECISION_027/028) **Consultation Date**: 2026-02-20 **Oracle Status**: Strategist Assimilated (subagent timeout)"
DECISION_043,decision,architecture,active,2026-02-23T01:31:15.839Z,["oracle","consultation","decision043","assessment","approval","rating","conditional","rejection","scores","risk","analysis","top","risks","ranked","impact","critical","success","factors","recommendations","verdict"],["librarian","oracle"],"**Decision ID**: RENAME-043 **Decision Title**: L33T Directory Rename Final Approval **Consultation Date**: 2026-02-20 **Oracle Status**: Strategist Assimilated (subagent timeout)"
DECISION_044,decision,architecture,active,2026-02-23T01:31:15.839Z,["oracle","consultation","decision044","assessment","approval","rating","scores","risk","analysis","top","risks","ranked","impact","critical","success","factors","recommendations","verdict","decision","spin"],["librarian","oracle"],"**Decision ID**: SPIN-044 **Decision Title**: First Autonomous Jackpot Spin Execution **Consultation Date**: 2026-02-20 **Oracle Status**: Strategist Assimilated (subagent timeout)"
DECISION_096,decision,architecture,active,2026-02-22T00:00:00Z,["framework","regression","research","scholarly","findings","industry","best","practices","google","scholar","key","papers","identified","containment","the","problem","shared","blast","radius","strategy"],["librarian","oracle"],"# Framework Regression Research: Scholarly Findings & Industry Best Practices ## Google Scholar Research Findings ### Key Papers Identified **1. ""Improving agility by managing shared libraries in microservices"" (Toledo et al., 2020)** - **Source**: Springer, International Conference on Agile Software Development - **Citations**: 11 - **Key Finding**: Shared libraries in microservices create coordination challenges across teams - **Relevance**: Documents problems when using externally develop"
DECISION_096,decision,architecture,active,2026-02-22T00:00:00Z,["httpsse","transport","security","google","scholar","research","dns","rebinding","attack","protecting","browsers","from","attacks","jackson","2009","eradicating","with","the","extended","sameorigin"],["librarian","oracle"],"# HTTP/SSE Transport Security: Google Scholar Research ## DNS Rebinding Attack Research ### 1. ""Protecting browsers from DNS rebinding attacks"" (Jackson et al., 2009) **Source**: ACM Transactions on the Web, 2009 **Citations**: 228 (Highly Influential) **Authors**: C. Jackson, A. Barth, A. Bortz, W. Shao (Stanford/Google) **Key Findings**: - **Attack Mechanism**: DNS rebinding attacks bypass same-origin policy by resolving attacker domain to localhost/private IPs after initial page load"
DECISION_096,decision,architecture,active,2026-02-22T00:00:00Z,["httpsse","transport","security","research","arxiv","status","industry","sources","standards","model","context","protocol","mcp","specification","owasp","open","web","application","project","ietf"],["librarian","oracle"],"# HTTP/SSE Transport Security Research ## arXiv Research Status **Finding**: No academic papers found on arXiv specifically addressing HTTP/SSE transport security for local services. **Reason**: HTTP/SSE security for localhost services is primarily an **industry/practitioner concern** rather than academic research topic. The security community (OWASP, IETF, browser vendors) handles these patterns through: - Standards specifications (RFCs) - Security advisories - Best practice guides - Browse"
DECISION_096,decision,architecture,active,2026-02-23T01:31:15.843Z,["oracle","assimilation","report","decision096","rag","consultation","status","prime","directive","approval","analysis","weighted","detail","scoring","guardrail","check","applicable","subset","level","risks"],["librarian","oracle"],"# Oracle Assimilation Report: DECISION_096 This report is produced by Strategist (Pyxis) while assimilating Oracle (Orion) behavior per `c:\Users\paulc\.config\opencode\agents\oracle.md`. ## RAG Consultation Status (Prime Directive) - Required: query `rag-server.rag_query` for similar decisions and risk patterns before approval. - Limitation: this session does not have ToolHive gateway call access to execute `rag_query`/`rag_ingest`. - Compensating controls used: - Reviewed local instituti"
DESIGNER2026-02-18T20-15-00-FORGE-001,decision,architecture,active,2026-02-23T01:31:15.844Z,["designer","consultation","request","forge001","decision","summary","questions","for","implementation","feasibility","subagent","experience","migration","strategy","technical","windsurf","integration","current","state","context"],["librarian","oracle"],"**Decision**: FORGE-001 Directory Architecture Standardization **Date**: 2026-02-18 20:15:00 **Requested By**: Strategist **Consultation Type**: Implementation Planning & Architecture Design"
DESIGNER2026-02-18T21-15-00-FORGE-001-DEEP-DIVE,decision,architecture,active,2026-02-23T01:31:15.853Z,["designer","deepdive","consultation","forge001","oracle","feedback","summary","approval","questions","for","automated","index","rebuild","system","critical","sequencing","and","allocation","path","alias"],["librarian","oracle"],"**Decision**: FORGE-001 Directory Architecture Standardization **Date**: 2026-02-18 21:15:00 **Requested By**: Strategist **Consultation Type**: Detailed Implementation Architecture **Target**: Address Oracle gaps to achieve 90%+ approval"
DESIGNER2026-02-18T21-30-00-FORGE-002,decision,architecture,active,2026-02-23T01:31:15.856Z,["designer","consultation","request","forge002","decision","summary","technical","deepdive","questions","rating","system","implementation","critical","state","machine","knowledge","base","architecture","high","continuous"],["librarian","oracle"],"**Decision**: FORGE-002 Decision-Making Process Enhancement **Date**: 2026-02-18 21:30:00 **Requested By**: Strategist **Consultation Type**: Implementation Architecture & Technical Feasibility **Target**: Buildable, maintainable system"
DECISION_031,decision,architecture,active,2026-02-23T01:31:15.857Z,["designer","consultation","decision031","original","response","implementation","strategy","4phase","parallelsafe","approach","files","create","modify","rename","order","dependencysafe","sequence","namespace","updates","systematic"],["librarian","oracle"],"**Decision ID**: DECISION_031 **Agent**: Designer (Aegis) **Task ID**: ses_3853460eeffeyJGTl0rpFMODUU **Date**: 2026-02-20 **Status**: Complete"
DECISION_032,decision,architecture,active,2026-02-23T01:31:15.858Z,["designer","consultation","decision032","original","response","assimilated","implementation","strategy","3phase","deployment","approach","files","create","modify","architecture","manifest","format","key","details","scenarios"],["librarian","oracle"],"**Decision ID**: DECISION_032 **Agent**: Designer (Aegis) **Task ID**: Assimilated by Strategist **Date**: 2026-02-20 **Status**: Complete (Strategist Assimilated)"
DECISION_033,decision,architecture,active,2026-02-23T01:31:15.859Z,["designer","consultation","decision033","original","response","assimilated","implementation","strategy","4phase","activation","files","create","modify","architecture","filewatcher","configuration","windows","service","setup","install"],["librarian","oracle"],"**Decision ID**: DECISION_033 **Agent**: Designer (Aegis) **Task ID**: Assimilated by Strategist **Date**: 2026-02-20 **Status**: Complete (Strategist Assimilated)"
DECISION_034,decision,architecture,active,2026-02-23T01:31:15.860Z,["designer","consultation","decision034","original","response","assimilated","implementation","strategy","4phase","harvesting","pipeline","files","create","modify","architecture","opencode","data","sources","windsurf","investigation"],["librarian","oracle"],"**Decision ID**: DECISION_034 **Agent**: Designer (Aegis) **Task ID**: Assimilated by Strategist **Date**: 2026-02-20 **Status**: Complete (Strategist Assimilated)"
DECISION_035,decision,architecture,active,2026-02-23T01:31:15.861Z,["designer","consultation","decision035","original","response","implementation","strategy","4phase","incremental","rollout","files","create","modify","architecture","diagram","configuration","structure","validation","fallback","mechanisms"],["librarian","oracle"],"**Decision ID**: TEST-035 **Agent**: Designer (Aegis) **Task ID**: ses_38558a3aeffe7DmkhcPvJjP6Gz **Date**: 2026-02-20 **Status**: Complete"
DECISION_036,decision,architecture,active,2026-02-23T01:31:15.863Z,["designer","consultation","decision036","original","response","foureyes","development","assistant","activation","implementation","strategy","phased","approach","phase","foundation","safety","week","critical","path","vision"],["librarian","oracle"],"**Decision ID**: FEAT-036 **Agent**: Designer (Aegis) **Task ID**: ses_385587db5ffejm20z8JM7ol122 **Date**: 2026-02-20 **Status**: Complete"
DECISION_037,decision,architecture,active,2026-02-23T01:31:15.864Z,["designer","consultation","decision037","assessment","approval","rating","implementation","strategy","phase","foundation","week","monitoring","recovery","testing","hardening","files","create","modify","architecture","configuration"],["librarian","oracle"],"**Decision ID**: INFRA-037 **Decision Title**: Subagent Fallback System Hardening **Consultation Date**: 2026-02-20 **Designer Status**: Strategist Assimilated"
DECISION_038,decision,architecture,active,2026-02-23T01:31:15.864Z,["designer","consultation","decision038","assessment","approval","rating","implementation","strategy","phase","forgewright","primary","status","bugfix","workflow","week","agent","subdecision","authority","automation","tools"],["librarian","oracle"],"**Decision ID**: FORGE-003 **Decision Title**: Multi-Agent Decision-Making Workflow with Forgewright **Consultation Date**: 2026-02-20 **Designer Status**: Strategist Assimilated"
DECISION_039,decision,architecture,active,2026-02-23T01:31:15.865Z,["designer","consultation","decision039","original","response","assimilated","implementation","strategy","4phase","migration","files","create","modify","architecture","toolhive","discovery","pattern","configuration","management","integration"],["librarian","oracle"],"**Decision ID**: MIGRATE-004 **Agent**: Designer (Aegis) **Task ID**: Assimilated by Strategist **Date**: 2026-02-20 **Status**: Complete (Strategist Assimilated)"
DECISION_040,decision,architecture,active,2026-02-23T01:31:15.866Z,["designer","consultation","decision040","assessment","approval","rating","implementation","strategy","phases","hours","estimated","files","create","new","uni7t35tvalidation","modify","core","validation","steps","fallback"],["librarian","oracle"],"**Decision ID**: PROD-040 **Decision Title**: Production Environment Validation and First Spin Execution **Consultation Date**: 2026-02-20 **Designer Status**: Strategist Assimilated (subagent timeout)"
DECISION_041,decision,architecture,active,2026-02-23T01:31:15.866Z,["designer","consultation","decision041","assessment","approval","rating","implementation","strategy","phases","files","create","new","file","modify","core","validation","steps","fallback","mechanisms","decision"],["librarian","oracle"],"**Decision ID**: AUTH-041 **Decision Title**: OrionStars Session Renewal and Authentication Recovery **Consultation Date**: 2026-02-20 **Designer Status**: Strategist Assimilated (subagent timeout)"
DECISION_042,decision,architecture,active,2026-02-23T01:31:15.867Z,["designer","consultation","decision042","assessment","approval","rating","implementation","strategy","phases","files","create","new","modify","core","validation","steps","fallback","mechanisms","decision","agent"],["librarian","oracle"],"**Decision ID**: IMPL-042 **Decision Title**: Agent Implementation Completion (DECISION_027/028) **Consultation Date**: 2026-02-20 **Designer Status**: Strategist Assimilated (subagent timeout)"
DECISION_043,decision,architecture,active,2026-02-23T01:31:15.867Z,["designer","consultation","decision043","assessment","approval","rating","rejects","implementation","strategy","approved","phases","hours","estimated","recommended","rejection","files","modify","across","projects","fallback"],["librarian","oracle"],"**Decision ID**: RENAME-043 **Decision Title**: L33T Directory Rename Final Approval **Consultation Date**: 2026-02-20 **Designer Status**: Strategist Assimilated (subagent timeout)"
DECISION_044,decision,architecture,active,2026-02-23T01:31:15.867Z,["designer","consultation","decision044","assessment","approval","rating","implementation","strategy","phases","execution","focused","flow","files","modify","safety","mechanisms","validation","steps","fallback","decision"],["librarian","oracle"],"**Decision ID**: SPIN-044 **Decision Title**: First Autonomous Jackpot Spin Execution **Consultation Date**: 2026-02-20 **Designer Status**: Strategist Assimilated (subagent timeout)"